Designator,Footprint,Quantity,Value,LCSC Part #
"C1, C2",0402,2,100n,	C77020
"C3, C5, C6",0603,3,100n,	C77020
C4,0603,1,4.7uF,C2858031
FL1,FIL_SF2_FILTER_CAP,1,Sht45 Filter,
"J1, J2",JST_PH_B10B-PH-SM4-TB_1x10-1MP_P2.00mm_Vertical,2,Conn_01x10_Pin,
"R1, R4",0603,2,10k,C25744
"R2, R3",0603,2,4.7k,C25940
U1,Sensirion_DFN-4_1.5x1.5mm_P0.8mm_SHT4x_NoCentralPad,1,SHT4x,
U2,Bosch_LGA-8_3x3mm_P0.8mm_ClockwisePinNumbering,1,BME680,C125972
U3,ST_HLGA-10_2x2mm_P0.5mm_LayoutBorder3x2y,1,LPS22HB,C94049
